Date,Users
Mon May 03 2021,22
Tue May 04 2021,2843
Wed May 05 2021,14317
Thu May 06 2021,20157
Fri May 07 2021,34723
Sat May 08 2021,30338
Sun May 09 2021,23928
Mon May 10 2021,20776
Tue May 11 2021,17089
Wed May 12 2021,15647
Thu May 13 2021,15590
Fri May 14 2021,16453
Sat May 15 2021,16352
Sun May 16 2021,15241
Mon May 17 2021,15365
Tue May 18 2021,11929
Wed May 19 2021,12659
Thu May 20 2021,12051
Fri May 21 2021,11075
Sat May 22 2021,10748
Sun May 23 2021,12217
Mon May 24 2021,12922
Tue May 25 2021,14147
Wed May 26 2021,12195
Thu May 27 2021,11109
Fri May 28 2021,10600
Sat May 29 2021,10635
Sun May 30 2021,11494
Mon May 31 2021,11588
Tue Jun 01 2021,12856
Wed Jun 02 2021,14507
Thu Jun 03 2021,12892
Fri Jun 04 2021,12594
Sat Jun 05 2021,12070
Sun Jun 06 2021,14288
Mon Jun 07 2021,14774
Tue Jun 08 2021,12945
Wed Jun 09 2021,14478
Thu Jun 10 2021,14381
Fri Jun 11 2021,13428
Sat Jun 12 2021,11916
Sun Jun 13 2021,13864
Mon Jun 14 2021,16463
Tue Jun 15 2021,16695
Wed Jun 16 2021,14836
Thu Jun 17 2021,13372
Fri Jun 18 2021,11636
Sat Jun 19 2021,12226
Sun Jun 20 2021,13029
Mon Jun 21 2021,13579
Tue Jun 22 2021,12740
Wed Jun 23 2021,12787
Thu Jun 24 2021,12893
Fri Jun 25 2021,12570
Sat Jun 26 2021,12619
Sun Jun 27 2021,14510
Mon Jun 28 2021,15481
Tue Jun 29 2021,13292
Wed Jun 30 2021,13588
Thu Jul 01 2021,14720
Fri Jul 02 2021,15396
Sat Jul 03 2021,17370
Sun Jul 04 2021,15354
Mon Jul 05 2021,14155
Tue Jul 06 2021,14812
Wed Jul 07 2021,13739
Thu Jul 08 2021,14123
Fri Jul 09 2021,14534
Sat Jul 10 2021,14661
Sun Jul 11 2021,13842
Mon Jul 12 2021,17522
Tue Jul 13 2021,17830
Wed Jul 14 2021,17939
Thu Jul 15 2021,16179
Fri Jul 16 2021,15514
Sat Jul 17 2021,14157
Sun Jul 18 2021,13992
Mon Jul 19 2021,14369
Tue Jul 20 2021,13396
Wed Jul 21 2021,13437
Thu Jul 22 2021,14636
Fri Jul 23 2021,15278
Sat Jul 24 2021,13405
Sun Jul 25 2021,16281
Mon Jul 26 2021,13380
Tue Jul 27 2021,13856
Wed Jul 28 2021,15038
Thu Jul 29 2021,14543
Fri Jul 30 2021,16052
Sat Jul 31 2021,16718
Sun Aug 01 2021,14431
Mon Aug 02 2021,14370
Tue Aug 03 2021,14892
Wed Aug 04 2021,14532
Thu Aug 05 2021,14960
Fri Aug 06 2021,15488
Sat Aug 07 2021,15615
Sun Aug 08 2021,14886
Mon Aug 09 2021,13344
Tue Aug 10 2021,14172
Wed Aug 11 2021,13767
Thu Aug 12 2021,13117
Fri Aug 13 2021,14133
Sat Aug 14 2021,13006
Sun Aug 15 2021,14103
Mon Aug 16 2021,15078
Tue Aug 17 2021,16642
Wed Aug 18 2021,16000
Thu Aug 19 2021,16323
Fri Aug 20 2021,15082
Sat Aug 21 2021,16871
Sun Aug 22 2021,15678
Mon Aug 23 2021,13744
Tue Aug 24 2021,12946
Wed Aug 25 2021,12347
Thu Aug 26 2021,10293
Fri Aug 27 2021,11029
Sat Aug 28 2021,12315
Sun Aug 29 2021,11657
Mon Aug 30 2021,10802
Tue Aug 31 2021,10866
Wed Sep 01 2021,12999
Thu Sep 02 2021,13765
Fri Sep 03 2021,11957
Sat Sep 04 2021,12943
Sun Sep 05 2021,13312
Mon Sep 06 2021,13047
Tue Sep 07 2021,13052
Wed Sep 08 2021,11424
Thu Sep 09 2021,11911
Fri Sep 10 2021,11783
Sat Sep 11 2021,11526
Sun Sep 12 2021,11946
Mon Sep 13 2021,11956
Tue Sep 14 2021,11840
Wed Sep 15 2021,13552
Thu Sep 16 2021,12634
Fri Sep 17 2021,12860
Sat Sep 18 2021,12259
Sun Sep 19 2021,13348
Mon Sep 20 2021,12064
Tue Sep 21 2021,12726
Wed Sep 22 2021,12826
Thu Sep 23 2021,12301
Fri Sep 24 2021,11109
Sat Sep 25 2021,10502
Sun Sep 26 2021,10723
Mon Sep 27 2021,10470
Tue Sep 28 2021,11244
Wed Sep 29 2021,10755
Thu Sep 30 2021,12310
Fri Oct 01 2021,12543
Sat Oct 02 2021,13168
Sun Oct 03 2021,11743
Mon Oct 04 2021,12831
Tue Oct 05 2021,13271
Wed Oct 06 2021,14013
Thu Oct 07 2021,12631
Fri Oct 08 2021,13625
Sat Oct 09 2021,13377
Sun Oct 10 2021,15134
Mon Oct 11 2021,16293
Tue Oct 12 2021,14927
Wed Oct 13 2021,13523
Thu Oct 14 2021,13229
Fri Oct 15 2021,13414
Sat Oct 16 2021,13612
Sun Oct 17 2021,13841
Mon Oct 18 2021,15004
Tue Oct 19 2021,15558
Wed Oct 20 2021,14727
Thu Oct 21 2021,13893
Fri Oct 22 2021,14270
Sat Oct 23 2021,14784
Sun Oct 24 2021,14871
Mon Oct 25 2021,15384
Tue Oct 26 2021,15745
Wed Oct 27 2021,17765
Thu Oct 28 2021,16459
Fri Oct 29 2021,18195
Sat Oct 30 2021,18558
Sun Oct 31 2021,17554
Mon Nov 01 2021,19320
Tue Nov 02 2021,19360
Wed Nov 03 2021,19296
Thu Nov 04 2021,17307
Fri Nov 05 2021,17055
Sat Nov 06 2021,18620
Sun Nov 07 2021,17931
Mon Nov 08 2021,26065
Tue Nov 09 2021,20968
Wed Nov 10 2021,17119
Thu Nov 11 2021,16239
Fri Nov 12 2021,17013
Sat Nov 13 2021,16597
Sun Nov 14 2021,17506
Mon Nov 15 2021,17592
Tue Nov 16 2021,17755
Wed Nov 17 2021,19401
Thu Nov 18 2021,18841
Fri Nov 19 2021,20090
Sat Nov 20 2021,20085
Sun Nov 21 2021,18384
Mon Nov 22 2021,17845
Tue Nov 23 2021,21146
Wed Nov 24 2021,22763
Thu Nov 25 2021,22133
Fri Nov 26 2021,21738
Sat Nov 27 2021,18192
Sun Nov 28 2021,18303
Mon Nov 29 2021,17461
Tue Nov 30 2021,16529
Wed Dec 01 2021,18255
Thu Dec 02 2021,18170
Fri Dec 03 2021,18367
Sat Dec 04 2021,15959
Sun Dec 05 2021,18265
Mon Dec 06 2021,17494
Tue Dec 07 2021,15589
Wed Dec 08 2021,16816
Thu Dec 09 2021,15541
Fri Dec 10 2021,17467
Sat Dec 11 2021,14443
Sun Dec 12 2021,14854
Mon Dec 13 2021,15256
Tue Dec 14 2021,13813
Wed Dec 15 2021,13809
Thu Dec 16 2021,11076
Fri Dec 17 2021,9018
Sat Dec 18 2021,9447
Sun Dec 19 2021,9321
Mon Dec 20 2021,9495
Tue Dec 21 2021,9226
Wed Dec 22 2021,10513
Thu Dec 23 2021,16115
Fri Dec 24 2021,31311
Sat Dec 25 2021,16727
Sun Dec 26 2021,13673
Mon Dec 27 2021,13062
Tue Dec 28 2021,21647
Wed Dec 29 2021,11659
Thu Dec 30 2021,12545
Fri Dec 31 2021,10137
Sat Jan 01 2022,11053
Sun Jan 02 2022,11900
Mon Jan 03 2022,9685
Tue Jan 04 2022,10651
Wed Jan 05 2022,10157
Thu Jan 06 2022,9944
Fri Jan 07 2022,9152
Sat Jan 08 2022,7413
Sun Jan 09 2022,20600
Mon Jan 10 2022,14639
Tue Jan 11 2022,12691
Wed Jan 12 2022,10937
Thu Jan 13 2022,9478
Fri Jan 14 2022,9054
Sat Jan 15 2022,9094
Sun Jan 16 2022,10635
Mon Jan 17 2022,9867
Tue Jan 18 2022,10913
Wed Jan 19 2022,11766
Thu Jan 20 2022,12259
Fri Jan 21 2022,11074
Sat Jan 22 2022,8247
Sun Jan 23 2022,9891
Mon Jan 24 2022,9574
Tue Jan 25 2022,9625
Wed Jan 26 2022,8694
Thu Jan 27 2022,7850
Fri Jan 28 2022,8101
Sat Jan 29 2022,7801
Sun Jan 30 2022,8105
Mon Jan 31 2022,8133
Tue Feb 01 2022,8875
Wed Feb 02 2022,8461
Thu Feb 03 2022,10295
Fri Feb 04 2022,10175
Sat Feb 05 2022,10898
Sun Feb 06 2022,11050
Mon Feb 07 2022,9813
Tue Feb 08 2022,11116
Wed Feb 09 2022,11107
Thu Feb 10 2022,10332
Fri Feb 11 2022,9913
Sat Feb 12 2022,8574
Sun Feb 13 2022,9128
Mon Feb 14 2022,9446
Tue Feb 15 2022,9083
Wed Feb 16 2022,9812
Thu Feb 17 2022,10726
Fri Feb 18 2022,9599
Sat Feb 19 2022,9864
Sun Feb 20 2022,8313
Mon Feb 21 2022,8608
Tue Feb 22 2022,8448
Wed Feb 23 2022,10966
Thu Feb 24 2022,7827
Fri Feb 25 2022,7716
Sat Feb 26 2022,8035
Sun Feb 27 2022,7737
Mon Feb 28 2022,9300
Tue Mar 01 2022,8680
Wed Mar 02 2022,8455
Thu Mar 03 2022,8791
Fri Mar 04 2022,8034
Sat Mar 05 2022,7789
Sun Mar 06 2022,8865
Mon Mar 07 2022,7863
Tue Mar 08 2022,9301
Wed Mar 09 2022,8648
Thu Mar 10 2022,8780
Fri Mar 11 2022,8819
Sat Mar 12 2022,8818
Sun Mar 13 2022,8678
Mon Mar 14 2022,9597
Tue Mar 15 2022,9030
Wed Mar 16 2022,12221
Thu Mar 17 2022,13419
Fri Mar 18 2022,10546
Sat Mar 19 2022,9908
Sun Mar 20 2022,9179
Mon Mar 21 2022,10559
Tue Mar 22 2022,9488
Wed Mar 23 2022,10585
Thu Mar 24 2022,10514
Fri Mar 25 2022,9059
Sat Mar 26 2022,10169
Sun Mar 27 2022,14428
Mon Mar 28 2022,12280
Tue Mar 29 2022,10707
Wed Mar 30 2022,10937
Thu Mar 31 2022,11322
Fri Apr 01 2022,10146
Sat Apr 02 2022,9607
Sun Apr 03 2022,9358
Mon Apr 04 2022,8973
Tue Apr 05 2022,9786
Wed Apr 06 2022,8739
Thu Apr 07 2022,8307
Fri Apr 08 2022,7971
Sat Apr 09 2022,7987
Sun Apr 10 2022,9334
Mon Apr 11 2022,7964
Tue Apr 12 2022,8085
Wed Apr 13 2022,8503
Thu Apr 14 2022,7624
Fri Apr 15 2022,7768
Sat Apr 16 2022,8421
Sun Apr 17 2022,8986
Mon Apr 18 2022,9324
Tue Apr 19 2022,12149
Wed Apr 20 2022,11177
Thu Apr 21 2022,9841
Fri Apr 22 2022,10143
Sat Apr 23 2022,9401
Sun Apr 24 2022,11975
Mon Apr 25 2022,11454
Tue Apr 26 2022,11097
Wed Apr 27 2022,11501
Thu Apr 28 2022,12349
Fri Apr 29 2022,13138
Sat Apr 30 2022,12456
Sun May 01 2022,8880
Mon May 02 2022,8639
Tue May 03 2022,9936
Wed May 04 2022,10353
Thu May 05 2022,9585
Fri May 06 2022,10646
Sat May 07 2022,11542
Sun May 08 2022,11816
Mon May 09 2022,10872
Tue May 10 2022,10397
Wed May 11 2022,10807
Thu May 12 2022,9711
Fri May 13 2022,9939
Sat May 14 2022,9545
Sun May 15 2022,9228
Mon May 16 2022,7724
Tue May 17 2022,8490
Wed May 18 2022,8646
Thu May 19 2022,7663
Fri May 20 2022,7319
Sat May 21 2022,7571
Sun May 22 2022,8490
Mon May 23 2022,7794
Tue May 24 2022,7275
Wed May 25 2022,8378
Thu May 26 2022,8981
Fri May 27 2022,7803
Sat May 28 2022,7026
Sun May 29 2022,8223
Mon May 30 2022,8360
Tue May 31 2022,29236
Wed Jun 01 2022,17310
Thu Jun 02 2022,12084
Fri Jun 03 2022,11409
Sat Jun 04 2022,11414
Sun Jun 05 2022,11902
Mon Jun 06 2022,11025
Tue Jun 07 2022,12701
Wed Jun 08 2022,13530
Thu Jun 09 2022,12943
Fri Jun 10 2022,11721
Sat Jun 11 2022,11140
Sun Jun 12 2022,13584
Mon Jun 13 2022,11312
Tue Jun 14 2022,11932
Wed Jun 15 2022,10213
Thu Jun 16 2022,8524
Fri Jun 17 2022,10716
Sat Jun 18 2022,9657
Sun Jun 19 2022,9604
Mon Jun 20 2022,9330
Tue Jun 21 2022,8737
Wed Jun 22 2022,7971
Thu Jun 23 2022,9085
Fri Jun 24 2022,7700
Sat Jun 25 2022,7839
Sun Jun 26 2022,7964
Mon Jun 27 2022,9149
Tue Jun 28 2022,7929
Wed Jun 29 2022,8521
Thu Jun 30 2022,7963
Fri Jul 01 2022,7918
Sat Jul 02 2022,7611
Sun Jul 03 2022,10237
Mon Jul 04 2022,8372
Tue Jul 05 2022,7972
Wed Jul 06 2022,8839
Thu Jul 07 2022,8613
Fri Jul 08 2022,8006
Sat Jul 09 2022,7804
Sun Jul 10 2022,7911
Mon Jul 11 2022,8571
Tue Jul 12 2022,8656
Wed Jul 13 2022,11463
Thu Jul 14 2022,11875
Fri Jul 15 2022,9985
Sat Jul 16 2022,9440
Sun Jul 17 2022,11414
Mon Jul 18 2022,10360
Tue Jul 19 2022,10415
Wed Jul 20 2022,9960
Thu Jul 21 2022,10916
Fri Jul 22 2022,9951
Sat Jul 23 2022,10439
Sun Jul 24 2022,9592
Mon Jul 25 2022,9847
Tue Jul 26 2022,10997
Wed Jul 27 2022,13850
Thu Jul 28 2022,14554
Fri Jul 29 2022,12692
Sat Jul 30 2022,11677
Sun Jul 31 2022,10405
Mon Aug 01 2022,17024
Tue Aug 02 2022,13957
Wed Aug 03 2022,14780
Thu Aug 04 2022,17057
Fri Aug 05 2022,12647
Sat Aug 06 2022,12753
Sun Aug 07 2022,13763
Mon Aug 08 2022,12465
Tue Aug 09 2022,15877
Wed Aug 10 2022,16821
Thu Aug 11 2022,11732
Fri Aug 12 2022,14021
Sat Aug 13 2022,13185
Sun Aug 14 2022,12306
Mon Aug 15 2022,12195
Tue Aug 16 2022,12459
Wed Aug 17 2022,10977
Thu Aug 18 2022,13782
Fri Aug 19 2022,14776
Sat Aug 20 2022,12750
Sun Aug 21 2022,11076
Mon Aug 22 2022,11104
Tue Aug 23 2022,11250
Wed Aug 24 2022,12081
Thu Aug 25 2022,12513
Fri Aug 26 2022,12939
Sat Aug 27 2022,11271
Sun Aug 28 2022,12478
Mon Aug 29 2022,12338
Tue Aug 30 2022,13029
Wed Aug 31 2022,12860
Thu Sep 01 2022,12303
Fri Sep 02 2022,10551
Sat Sep 03 2022,10456
Sun Sep 04 2022,11181
Mon Sep 05 2022,13569
Tue Sep 06 2022,12353